,1995,1996,1997,1998,1999,2000,2001,2002,2003,2004,2005,2006,2007,2008,2009,2010,2011,2012,2013,2014,2015,2016,2017,2018,2019,2020,2021
FDX,15.0625,18.34375,22.1875,30.5,44.5,42.375,39.45000076293945,51.70000076293945,54.36000061035156,67.69999694824219,99.12000274658203,103.37999725341797,108.75,88.56999969482422,64.16000366210938,84.20999908447266,93.54000091552734,85.47000122070312,93.45999908447266,142.89999389648438,173.77999877929688,146.41000366210938,186.57000732421875,250.8300018310547,158.52000427246094,152.4199981689453,260.3999938964844
ATO,16.875,22.875,24.0,29.625,32.5,20.0,24.5,21.25,23.549999237060547,24.549999237060547,27.399999618530273,26.299999237060547,31.809999465942383,28.040000915527344,23.709999084472656,29.5,31.440000534057617,33.83000183105469,35.61000061035156,45.34000015258789,55.91999816894531,63.02000045776367,74.33999633789062,85.93000030517578,92.29000091552734,112.04000091552734,95.4000015258789
CNP,15.015937805175781,20.33737564086914,19.072874069213867,22.444875717163086,27.186750411987305,19.17824935913086,36.670501708984375,22.59239959716797,8.5600004196167,9.65999984741211,11.279999732971191,12.880000114440918,16.6299991607666,17.100000381469727,12.760000228881836,14.59000015258789,15.8100004196167,20.309999465942383,19.520000457763672,23.170000076293945,23.450000762939453,18.260000228881836,24.719999313354492,28.389999389648438,28.15999984741211,27.329999923706055,21.670000076293945
NEE,4.359375,5.765625,5.75,7.40625,7.671875,5.296875,8.859375,7.03125,7.536250114440918,8.177499771118164,9.375,10.46500015258789,13.604999542236328,16.967500686645508,12.5649995803833,13.260000228881836,13.045000076293945,15.289999961853027,17.497499465942383,21.34749984741211,26.657499313354492,25.717500686645508,29.885000228881836,39.10749816894531,43.16999816894531,60.49250030517578,77.20999908447266
ED,25.875,32.0,28.75,41.0,52.75,34.375,38.3125,40.11000061035156,42.95000076293945,43.060001373291016,43.7599983215332,46.43000030517578,48.119998931884766,48.66999816894531,39.0,45.72999954223633,49.7599983215332,62.099998474121094,56.20000076293945,55.150001525878906,66.0999984741211,63.849998474121094,73.72000122070312,84.75,76.31999969482422,90.55000305175781,72.2699966430664
NI,5.8202362060546875,7.490177154541016,7.784872055053711,9.688114166259766,11.959725379943848,6.99901819229126,12.008840560913086,9.076621055603027,7.8506879806518555,8.565814971923828,8.998035430908203,8.247544288635254,9.469548225402832,7.3555989265441895,4.322199821472168,6.113948822021484,6.962672233581543,9.45383071899414,9.874262809753418,12.903733253479004,16.71512794494629,19.40999984741211,22.170000076293945,25.639999389648438,25.290000915527344,27.93000030517578,22.93000030517578
SO,12.218000411987305,14.967049598693848,13.897974967956543,15.883399963378906,17.792463302612305,14.08888053894043,20.006975173950195,25.270000457763672,28.540000915527344,30.239999771118164,33.209999084472656,34.7599983215332,36.79999923706055,38.75,37.0,33.43000030517578,38.369998931884766,45.869998931884766,43.34000015258789,41.130001068115234,49.189998626708984,46.41999816894531,49.150001525878906,48.0099983215332,43.88999938964844,63.650001525878906,61.380001068115234
D,17.875,20.5,19.25,21.21875,23.375,19.5,32.875,30.0,27.540000915527344,31.940000534057617,34.0,38.80500030517578,41.849998474121094,47.29999923706055,35.93000030517578,39.099998474121094,42.93000030517578,53.470001220703125,52.36000061035156,64.61000061035156,77.26000213623047,66.97000122070312,76.56999969482422,81.19999694824219,71.4000015258789,82.87999725341797,75.05999755859375
WEC,12.875,15.25,13.375,14.4375,15.59375,9.75,11.28125,11.319999694824219,12.619999885559082,16.639999389648438,16.850000381469727,19.649999618530273,23.80500030517578,24.21500015258789,21.19499969482422,25.024999618530273,29.43000030517578,35.290000915527344,37.31999969482422,41.41999816894531,52.970001220703125,50.93000030517578,58.650001525878906,66.43000030517578,69.11000061035156,92.4000015258789,92.0999984741211
EIX,14.625,17.5,20.0,27.25,28.0,25.5,15.5,15.100000381469727,11.850000381469727,21.719999313354492,32.09000015258789,43.65999984741211,46.16999816894531,53.34000015258789,32.029998779296875,35.06999969482422,38.91999816894531,41.810001373291016,45.09000015258789,46.060001373291016,65.01000213623047,58.56999969482422,71.76000213623047,63.630001068115234,56.18000030517578,74.70999908447266,62.7599983215332
XEL,21.875,24.4375,22.9375,29.1875,27.6875,19.625,28.5625,27.799999237060547,11.010000228881836,17.079999923706055,18.219999313354492,18.520000457763672,23.18000030517578,22.510000228881836,18.59000015258789,21.3799991607666,23.670000076293945,27.889999389648438,27.030000686645508,27.90999984741211,36.02000045776367,35.61000061035156,40.7400016784668,48.220001220703125,49.15999984741211,63.54999923706055,66.54000091552734
CMS,23.0,29.875,33.625,43.9375,48.4375,30.9375,31.3125,23.899999618530273,9.470000267028809,8.619999885559082,10.430000305175781,14.569999694824219,16.760000228881836,17.329999923706055,10.180000305175781,15.670000076293945,18.700000762939453,22.31999969482422,24.739999771118164,26.799999237060547,34.900001525878906,35.83000183105469,41.63999938964844,47.38999938964844,49.52000045776367,62.86000061035156,60.63999938964844
PPL,8.906513214111328,11.642499923706055,10.769312858581543,11.20590591430664,13.068705558776855,10.681994438171387,20.92739486694336,16.322784423828125,16.26690101623535,20.444229125976562,25.008089065551758,27.58806800842285,33.614227294921875,48.581825256347656,28.547409057617188,30.36363983154297,24.69141387939453,27.802289962768555,27.001285552978516,28.063081741333008,33.97747039794922,33.900001525878906,34.04999923706055,31.079999923706055,28.25,36.0,28.280000686645508
EXC,8.737518310546875,10.69900131225586,9.004993438720703,8.715228080749512,14.755705833435059,12.303852081298828,24.87517738342285,17.225391387939453,18.972896575927734,23.769615173339844,31.59771728515625,38.25249481201172,44.144081115722656,58.3095588684082,39.76462173461914,35.0,29.94293975830078,30.827388763427734,21.462196350097656,19.586305618286133,26.44793128967285,19.600570678710938,25.442224502563477,28.20256805419922,31.940086364746094,32.653350830078125,30.256776809692383
ETR,21.875,29.125,27.75,29.9375,30.9375,25.75,41.75,38.900001525878906,45.900001525878906,56.95000076293945,67.5999984741211,69.1500015258789,92.31999969482422,119.2699966430664,83.70999908447266,82.0999984741211,71.7300033569336,73.6500015258789,64.5199966430664,63.349998474121094,87.4800033569336,67.91000366210938,73.5,81.70999908447266,85.6500015258789,119.83000183105469,99.81999969482422
PEG,13.1875,15.25,13.6875,15.90625,20.0,17.5,24.25,21.125,16.200000762939453,21.959999084472656,25.885000228881836,32.75,33.224998474121094,48.28499984741211,29.0,33.13999938964844,32.0099983215332,33.189998626708984,30.899999618530273,31.90999984741211,41.5,38.279998779296875,44.0099983215332,51.5,51.79999923706055,59.119998931884766,58.13999938964844
DTE,22.23404312133789,29.255319595336914,27.659574508666992,29.46808433532715,36.4361686706543,26.70212745666504,32.925533294677734,35.778724670410156,39.574466705322266,33.53191375732422,36.87659454345703,36.78297805786133,41.302127838134766,37.4212760925293,30.74893569946289,37.36170196533203,38.77446746826172,46.7574462890625,51.77021408081055,56.51063919067383,73.89787292480469,67.65957641601562,84.03404235839844,93.34468078613281,93.77021026611328,110.63829803466797,103.58297729492188
DUK,33.23165512084961,41.076507568359375,40.422767639160156,48.3765754699707,55.8400764465332,43.58250045776367,73.8723373413086,68.07586669921875,34.412742614746094,35.91197967529297,44.3146858215332,48.20224380493164,60.0,60.38999938964844,45.150001525878906,51.630001068115234,53.7599983215332,66.33000183105469,64.55999755859375,69.19999694824219,83.54000091552734,70.93000030517578,77.6500015258789,84.27999877929688,86.11000061035156,91.27999877929688,91.77999877929688
ES,21.625,24.25,13.0,11.75,15.875,20.5,24.0,17.6299991607666,15.239999771118164,20.200000762939453,18.809999465942383,19.790000915527344,27.950000762939453,31.09000015258789,24.100000381469727,25.649999618530273,32.04999923706055,36.459999084472656,39.470001220703125,42.349998474121094,53.529998779296875,50.650001525878906,55.25,63.18000030517578,64.93000030517578,85.02999877929688,86.66000366210938
AEP,32.75,40.5,41.25,51.4375,47.0625,32.0,46.125,43.29999923706055,27.579999923706055,30.510000228881836,34.209999084472656,37.27000045776367,42.4900016784668,46.310001373291016,33.4900016784668,35.099998474121094,36.27000045776367,41.959999084472656,43.16999816894531,46.97999954223633,60.880001068115234,57.81999969482422,63.0099983215332,73.18000030517578,74.61000061035156,94.5,83.33000183105469
PCG,24.375,28.375,21.25,30.4375,31.0,20.375,19.625,19.100000381469727,14.0,27.739999771118164,33.150001525878906,37.119998931884766,47.29999923706055,43.150001525878906,38.4900016784668,44.95000076293945,47.9900016784668,41.41999816894531,40.61000061035156,40.36000061035156,53.47999954223633,52.849998474121094,60.810001373291016,44.34000015258789,23.549999237060547,10.90999984741211,12.479999542236328
UL,10.121527671813965,11.770833015441895,13.368056297302246,19.166667938232422,24.72222137451172,16.84027862548828,19.166667938232422,18.61111068725586,21.22222137451172,20.816667556762695,21.933332443237305,22.483333587646484,28.15999984741211,37.599998474121094,23.139999389648438,32.220001220703125,31.229999542236328,33.91999816894531,39.08000183105469,40.369998931884766,40.27000045776367,42.22999954223633,40.349998474121094,55.189998626708984,52.040000915527344,57.130001068115234,61.310001373291016
ALK,3.75,4.0625,5.28125,9.875,11.125,8.875,7.375,7.287499904632568,5.454999923706055,6.880000114440918,8.425000190734863,8.957500457763672,10.0625,6.204999923706055,7.315000057220459,8.704999923706055,14.375,19.107500076293945,22.014999389648438,36.665000915527344,60.540000915527344,79.16000366210938,88.91999816894531,74.04000091552734,59.93000030517578,68.1500015258789,52.16999816894531
ALL,11.75,20.4375,28.8125,45.59375,39.375,24.0,42.9375,33.61000061035156,37.400001525878906,43.349998474121094,51.099998474121094,54.38999938964844,65.13999938964844,52.25,32.7599983215332,30.360000610351562,32.220001220703125,27.8799991607666,40.900001525878906,54.09000015258789,70.58999633789062,60.880001068115234,74.0,104.06999969482422,81.44000244140625,112.97000122070312,109.9000015258789
PGR,2.9166669845581055,4.0520830154418945,5.625,9.927083015441895,14.0,6.0520830154418945,8.614583015441895,12.454167366027832,12.532500267028809,20.897499084472656,21.487499237060547,29.19499969482422,24.5,19.030000686645508,14.829999923706055,17.989999771118164,20.09000015258789,19.809999465942383,21.450000762939453,27.290000915527344,27.09000015258789,31.399999618530273,35.7400016784668,56.459999084472656,59.279998779296875,73.91999816894531,97.58000183105469
BBBY,3.71875,4.734375,6.25,9.59375,17.0625,16.875,22.125,34.29999923706055,34.84000015258789,43.66999816894531,39.84000015258789,36.400001525878906,38.369998931884766,29.270000457763672,25.09000015258789,39.369998931884766,49.54999923706055,58.75,56.5099983215332,80.18000030517578,78.43000030517578,47.599998474121094,40.869998931884766,22.030000686645508,11.239999771118164,17.43000030517578,17.969999313354492
WMT,10.6875,11.125,11.5,19.71875,40.8125,68.375,53.125,57.650001525878906,50.650001525878906,53.349998474121094,53.75,46.36000061035156,47.09000015258789,47.40999984741211,55.97999954223633,53.7400016784668,54.22999954223633,59.970001220703125,68.93000030517578,78.72000122070312,86.2699966430664,60.5,69.23999786376953,99.30000305175781,91.63999938964844,118.86000061035156,144.3000030517578
TGT,5.8854169845581055,6.2604169845581055,9.6875,16.984375,27.125,36.125,32.625,41.04999923706055,30.399999618530273,38.45000076293945,52.66999816894531,55.52000045776367,57.849998474121094,50.04999923706055,34.63999938964844,48.470001220703125,60.2599983215332,51.88999938964844,58.56999969482422,63.529998779296875,76.11000061035156,71.83999633789062,72.66000366210938,65.94999694824219,65.05999755859375,128.74000549316406,176.50999450683594
KR,3.0,4.671875,5.828125,9.1875,15.0,9.5625,13.375,10.399999618530273,7.849999904632568,9.274999618530273,8.850000381469727,9.444999694824219,11.53499984741211,13.324999809265137,13.244999885559082,10.265000343322754,11.21500015258789,12.239999771118164,13.170000076293945,19.6299991607666,32.05500030517578,41.15999984741211,34.5,27.540000915527344,27.389999389648438,29.030000686645508,31.770000457763672
DLTR,1.1193419694900513,1.6625510454177856,3.740741014480591,6.129630088806152,9.666666984558105,10.73611068725586,8.083333015441895,10.333333015441895,8.173333168029785,10.066666603088379,9.683333396911621,7.989999771118164,10.123332977294922,8.640000343322754,13.966667175292969,16.176666259765625,28.329999923706055,42.20000076293945,41.06999969482422,55.9900016784668,70.94000244140625,76.83999633789062,77.56999969482422,107.98999786376953,89.80000305175781,94.69000244140625,107.62999725341797
BIG,12.0,13.760000228881836,25.799999237060547,44.0,20.75,16.25,10.6875,10.399999618530273,13.100000381469727,14.460000038146973,12.140000343322754,12.180000305175781,23.079999923706055,16.010000228881836,14.300000190734863,29.3799991607666,30.6200008392334,38.25,29.040000915527344,32.29999923706055,40.36000061035156,38.040000915527344,50.380001068115234,56.33000183105469,28.5,28.959999084472656,43.150001525878906
F,10.218670845031738,10.538003921508789,11.632862091064453,17.768625259399414,32.182701110839844,28.988473892211914,23.8125,15.9399995803833,9.5,16.100000381469727,14.65999984741211,7.71999979019165,7.559999942779541,6.730000019073486,2.299999952316284,10.170000076293945,17.020000457763672,11.0,13.229999542236328,15.420000076293945,15.59000015258789,13.869999885559082,12.199999809265137,12.520000457763672,7.53000020980835,9.289999961853027,8.8100004196167
HMC,8.8125,10.4375,14.15625,18.25,16.0625,19.0625,18.53125,20.40999984741211,18.149999618530273,22.5,26.190000534057617,29.139999389648438,39.810001373291016,33.029998779296875,21.40999984741211,34.25,39.84000015258789,31.18000030517578,37.689998626708984,41.099998474121094,29.670000076293945,30.860000610351562,29.479999542236328,34.310001373291016,26.110000610351562,28.600000381469727,28.0
NYT,11.0,14.6875,18.875,32.9375,34.25,49.125,40.0,43.25,45.75,47.7400016784668,40.650001525878906,26.25,24.270000457763672,17.489999771118164,7.210000038146973,12.649999618530273,9.869999885559082,7.980000019073486,8.789999961853027,15.829999923706055,13.279999732971191,13.25,13.449999809265137,18.600000381469727,21.940000534057617,32.279998779296875,51.9900016784668
CLX,14.65625,17.84375,25.09375,39.625,58.40625,49.75,35.375,39.29999923706055,41.75,48.70000076293945,58.97999954223633,57.189998626708984,64.30000305175781,64.7699966430664,55.900001525878906,61.54999923706055,61.58000183105469,67.13999938964844,73.88999938964844,92.75,103.95999908447266,125.3499984741211,120.56999969482422,148.7899932861328,152.99000549316406,153.3800048828125,201.89999389648438
CL,7.890625,8.75,11.53125,18.625,23.25,32.0,31.674999237060547,28.625,26.260000228881836,24.975000381469727,25.454999923706055,27.489999771118164,32.974998474121094,39.0,34.23500061035156,41.244998931884766,40.16999816894531,45.69499969482422,52.80500030517578,64.88999938964844,69.16999816894531,65.4000015258789,65.55999755859375,75.43000030517578,59.2400016784668,68.83999633789062,84.77999877929688
EMR,15.53125,20.28125,24.1875,28.375,30.46875,28.4375,39.40625,28.350000381469727,25.524999618530273,32.375,35.099998474121094,37.525001525878906,44.119998931884766,56.65999984741211,36.720001220703125,43.150001525878906,57.61000061035156,48.2400016784668,53.959999084472656,69.83000183105469,61.84000015258789,47.83000183105469,56.25,70.05999755859375,58.79999923706055,76.56999969482422,80.58000183105469
TM,42.0,42.25,57.5,57.0,52.75,97.5,62.95000076293945,50.5099983215332,53.0,69.0,82.0999984741211,105.80000305175781,135.25,106.5999984741211,65.25,84.75,79.0199966430664,67.38999938964844,94.77999877929688,121.5999984741211,126.2300033569336,121.5199966430664,118.16999816894531,127.43000030517578,114.68000030517578,142.0,155.80999755859375
NSANY,16.5,15.25,11.75,8.0,6.1875,8.125,11.0,10.800000190734863,15.5,22.600000381469727,21.6200008392334,20.600000381469727,24.3799991607666,21.719999313354492,7.21999979019165,17.649999618530273,19.0,18.290000915527344,19.09000015258789,16.780000686645508,17.56999969482422,20.3700008392334,20.25,19.65999984741211,15.9399995803833,11.5600004196167,10.520000457763672
VZ,22.37065315246582,29.958688735961914,29.171781539916992,41.59367752075195,49.46275329589844,54.52144241333008,44.62889099121094,42.94266128540039,35.2084846496582,31.56622886657715,36.69236755371094,27.159547805786133,35.129356384277344,40.982696533203125,32.00077438354492,31.32549285888672,36.060001373291016,40.279998779296875,44.4900016784668,49.08000183105469,47.0,45.66999816894531,53.959999084472656,53.15999984741211,56.15999984741211,61.380001068115234,58.959999084472656
DISH,2.25,3.125,2.75,2.125,6.078125,50.625,23.0625,27.450000762939453,22.40999984741211,34.09000015258789,33.220001220703125,27.229999542236328,38.04999923706055,33.13999938964844,11.149999618530273,20.90999984741211,19.739999771118164,28.729999542236328,36.95000076293945,57.9900016784668,72.81999969482422,56.11000061035156,58.5,48.40999984741211,24.350000381469727,35.869998931884766,32.43000030517578
T,15.247356414794922,21.714502334594727,19.59025764465332,27.945619583129883,39.9358024597168,36.67862319946289,35.92333984375,29.645015716552734,21.072507858276367,19.690332412719727,19.622356414794922,18.496978759765625,26.94108772277832,31.351964950561523,21.70694923400879,21.457704544067383,22.41691780090332,23.00604248046875,25.974319458007812,26.616313934326172,25.37009048461914,25.74018096923828,32.243202209472656,29.501510620117188,21.525680541992188,29.57703971862793,22.197885513305664
CMCSA,2.6041669845581055,2.9583330154418945,2.9583330154418945,5.3020830154418945,9.625,16.145832061767578,13.645833015441895,12.010000228881836,7.809999942779541,10.970000267028809,11.09000015258789,8.683333396911621,14.126667022705078,9.149999618530273,8.359999656677246,8.375,11.085000038146973,12.140000343322754,19.024999618530273,25.899999618530273,29.0,27.575000762939453,34.834999084472656,40.86000061035156,33.4900016784668,45.36000061035156,52.279998779296875
MSFT,3.84375,5.492187976837158,10.390625,16.203125,34.90234375,58.6875,22.0625,33.32500076293945,26.149999618530273,27.579999923706055,26.799999237060547,26.25,29.90999984741211,35.790000915527344,19.530000686645508,30.6200008392334,28.049999237060547,26.549999237060547,27.25,37.349998474121094,46.65999984741211,54.31999969482422,62.790000915527344,86.12999725341797,99.55000305175781,158.77999877929688,222.52999877929688
SCHW,1.7160489559173584,2.962963104248047,4.6666669845581055,8.916666984558105,18.75,25.666667938232422,28.4375,15.420000076293945,10.930000305175781,11.84000015258789,11.800000190734863,14.510000228881836,19.200000762939453,25.549999237060547,16.049999237060547,19.209999084472656,17.229999542236328,11.510000228881836,14.670000076293945,25.989999771118164,30.40999984741211,31.950000762939453,40.04999923706055,51.54999923706055,40.70000076293945,47.7599983215332,53.220001220703125
MS,8.46875,11.6875,16.59375,29.25,35.40625,68.625,78.25,55.91999816894531,40.15999984741211,57.88999938964844,55.970001220703125,57.16999816894531,81.93000030517578,52.97999954223633,16.010000228881836,30.700000762939453,27.6299991607666,15.760000228881836,20.15999984741211,31.329999923706055,39.04999923706055,30.700000762939453,43.09000015258789,52.7599983215332,39.02000045776367,51.20000076293945,69.27999877929688
RJF,1.843621015548706,2.781893014907837,3.9341559410095215,7.888888835906982,6.185184955596924,5.462963104248047,10.370369911193848,10.48888874053955,8.808889389038086,11.229630470275879,13.844444274902344,16.808889389038086,20.266666412353516,21.64666748046875,11.493332862854004,15.960000038146973,22.0,21.233333587646484,26.373332977294922,34.88666534423828,38.45333480834961,37.706668853759766,46.91999816894531,59.7400016784668,48.619998931884766,60.02000045776367,63.746665954589844
WFC,5.75,8.28125,10.9375,19.125,19.96875,20.15625,27.21875,21.690000534057617,23.575000762939453,29.25,31.114999771118164,31.600000381469727,35.93000030517578,30.479999542236328,29.18000030517578,27.020000457763672,31.299999237060547,27.940000534057617,35.029998779296875,45.150001525878906,55.11000061035156,53.09000015258789,55.66999816894531,61.040000915527344,45.529998779296875,53.849998474121094,30.31999969482422
BAC,11.28125,17.34375,24.5,30.5,29.875,25.125,22.65625,31.155000686645508,34.95500183105469,39.875,46.65999984741211,46.91999816894531,53.400001525878906,41.529998779296875,13.920000076293945,15.239999771118164,13.850000381469727,5.75,12.050000190734863,15.6899995803833,17.989999771118164,16.450000762939453,22.600000381469727,29.75,24.079999923706055,35.349998474121094,30.459999084472656
ORLY,3.0625,3.59375,4.0,6.65625,11.75,11.0625,13.5625,18.155000686645508,12.649999618530273,19.325000762939453,22.610000610351562,32.25,32.18000030517578,32.279998779296875,30.59000015258789,39.2400016784668,60.9900016784668,80.94999694824219,90.66000366210938,128.4199981689453,192.86000061035156,248.4499969482422,280.0,241.33999633789062,335.82000732421875,438.5,454.2200012207031
FL,15.25,12.625,21.75,20.375,6.6875,7.0625,15.3125,15.699999809265137,10.399999618530273,23.850000381469727,27.200000762939453,23.920000076293945,22.059999465942383,13.579999923706055,7.429999828338623,11.289999961853027,19.729999542236328,24.290000915527344,32.66999816894531,41.36000061035156,56.43000030517578,64.45999908447266,71.44000244140625,47.45000076293945,52.41999816894531,39.2400016784668,40.38999938964844
COST,6.4375,7.625,12.625,22.3125,36.21875,45.53125,40.0,44.20000076293945,28.239999771118164,37.189998626708984,48.2400016784668,49.75,53.349998474121094,69.62999725341797,52.439998626708984,59.130001068115234,72.75,84.27999877929688,100.5999984741211,118.70999908447266,141.8699951171875,159.80999755859375,160.64999389648438,187.22999572753906,200.5,294.05999755859375,377.42999267578125
HD,10.194443702697754,10.555556297302246,11.166666984558105,19.666667938232422,40.25,68.625,45.6875,51.0099983215332,24.209999084472656,35.75,42.9900016784668,40.38999938964844,41.29999923706055,27.1299991607666,23.06999969482422,29.149999618530273,35.20000076293945,42.40999984741211,63.56999969482422,82.11000061035156,105.16000366210938,130.11000061035156,135.10000610351562,190.2100067138672,169.7100067138672,219.0800018310547,266.010009765625
LOW,4.34375,4.203125,4.484375,5.953125,12.875,14.703125,11.28125,23.010000228881836,18.950000762939453,27.924999237060547,28.989999771118164,33.30500030517578,31.209999084472656,22.780000686645508,21.5,23.510000228881836,25.209999084472656,25.65999984741211,36.130001068115234,49.54999923706055,69.0,74.69000244140625,71.70999908447266,93.0199966430664,91.22000122070312,120.05000305175781,160.77000427246094
GPS,4.518518924713135,6.240740776062012,9.0,15.63888931274414,38.5,44.375,25.3125,13.84000015258789,15.600000381469727,23.229999542236328,21.0,17.780000686645508,19.81999969482422,21.229999542236328,13.710000038146973,20.729999542236328,22.31999969482422,18.799999237060547,31.56999969482422,39.09000015258789,42.369998931884766,24.1200008392334,22.719999313354492,34.150001525878906,25.299999237060547,17.700000762939453,20.020000457763672
BBY,3.4861109256744385,1.805556058883667,1.180556058883667,4.1041669845581055,13.722222328186035,25.666667938232422,13.166666984558105,32.79999923706055,16.333332061767578,34.85333251953125,39.93333435058594,43.75,49.150001525878906,52.720001220703125,27.959999084472656,39.84000015258789,34.099998474121094,23.700000762939453,12.140000343322754,39.75,39.16999816894531,29.84000015258789,43.04999923706055,68.26000213623047,52.189998626708984,88.38999938964844,99.62000274658203
WBA,5.4375,7.46875,10.0,15.8125,29.0,28.5,40.5,33.599998474121094,29.600000381469727,36.43000030517578,39.75,44.630001068115234,45.88999938964844,37.9900016784668,24.649999618530273,37.0099983215332,39.13999938964844,33.45000076293945,37.86000061035156,57.20000076293945,76.11000061035156,83.69999694824219,83.0999984741211,73.27999877929688,67.19999694824219,59.279998779296875,40.16999816894531
KSS,4.96875,6.625,9.84375,17.0625,30.71875,35.53125,60.75,70.44000244140625,56.150001525878906,44.939998626708984,49.900001525878906,49.33000183105469,68.19999694824219,45.86000061035156,36.31999969482422,54.5,54.61000061035156,49.72999954223633,43.45000076293945,56.7599983215332,61.150001525878906,46.90999984741211,49.75,54.790000915527344,65.2699966430664,51.220001220703125,40.7599983215332
NKE,2.3125,4.296875,7.46875,4.90625,5.070312976837158,6.164062976837158,6.84375,7.039999961853027,5.571249961853027,8.587499618530273,11.324999809265137,10.848750114440918,12.25,16.079999923706055,12.737500190734863,16.514999389648438,21.457500457763672,24.342500686645508,26.200000762939453,39.07500076293945,48.275001525878906,61.11000061035156,51.9900016784668,62.849998474121094,72.79000091552734,101.36000061035156,142.85000610351562
JWN,10.5,10.0625,8.875,14.96875,17.46875,13.09375,9.09375,10.039999961853027,9.574999809265137,17.325000762939453,23.364999771118164,37.58000183105469,50.0,36.75,13.34000015258789,38.130001068115234,42.72999954223633,50.52000045776367,53.689998626708984,61.66999816894531,79.66000366210938,49.810001373291016,48.2400016784668,48.7599983215332,45.959999084472656,41.08000183105469,31.31999969482422
AAPL,0.3470979928970337,0.2879459857940674,0.18861599266529083,0.12165199965238571,0.376116007566452,0.9363840222358704,0.265625,0.39375001192092896,0.256428986787796,0.38482099771499634,1.1567859649658203,2.5850000381469727,3.0817859172821045,7.116786003112793,3.067142963409424,7.622499942779541,11.630000114440918,14.621429443359375,19.779285430908203,19.845714569091797,27.84749984741211,25.65250015258789,28.950000762939453,42.540000915527344,38.72249984741211,74.05999755859375,133.52000427246094
HPQ,5.669561862945557,9.508400917053223,11.41008186340332,14.163261413574219,15.525657653808594,25.828792572021484,14.3335599899292,9.355132102966309,8.00635814666748,10.440508842468262,9.591280937194824,13.297002792358398,18.64214324951172,22.92461395263672,16.46230697631836,23.405994415283203,19.173479080200195,11.952770233154297,6.7347869873046875,12.661216735839844,18.19255256652832,11.579999923706055,14.949999809265137,21.18000030517578,20.030000686645508,20.68000030517578,24.700000762939453
M,9.6875,13.75,16.875,21.75,22.1875,25.125,17.5,20.5,14.550000190734863,23.56999969482422,28.93000030517578,33.275001525878906,38.20000076293945,25.8799991607666,10.4399995803833,16.899999618530273,25.5,32.869998931884766,39.54999923706055,53.16999816894531,66.33000183105469,34.45000076293945,36.130001068115234,25.809999465942383,29.09000015258789,17.18000030517578,11.329999923706055
RF,12.55467414855957,17.465171813964844,20.907581329345703,34.01911544799805,32.70289993286133,20.451967239379883,22.223796844482422,24.28316879272461,27.377288818359375,30.131216049194336,35.5,34.20000076293945,37.79999923706055,23.770000457763672,8.119999885559082,5.360000133514404,7.159999847412109,4.389999866485596,7.320000171661377,9.859999656677246,10.649999618530273,9.350000381469727,14.5600004196167,17.389999389648438,13.15999984741211,17.260000228881836,16.270000457763672
COF,5.375,7.9166669845581055,12.0,18.0625,38.66666793823242,48.125,64.625,54.150001525878906,30.200000762939453,61.33000183105469,84.05000305175781,86.4000015258789,77.06999969482422,47.7599983215332,31.799999237060547,38.65999984741211,43.0099983215332,43.38999938964844,59.529998779296875,76.61000061035156,82.79000091552734,70.7699966430664,88.55000305175781,100.08000183105469,74.48999786376953,103.41000366210938,99.7300033569336
USB,4.027778148651123,6.597221851348877,10.180556297302246,19.041667938232422,31.083332061767578,20.9375,23.4375,20.780000686645508,21.530000686645508,29.579999923706055,31.200000762939453,30.049999237060547,35.61000061035156,31.790000915527344,25.040000915527344,22.56999969482422,27.200000762939453,27.610000610351562,32.459999084472656,39.869998931884766,45.43000030517578,41.75,51.619998931884766,54.04999923706055,45.220001220703125,59.470001220703125,46.689998626708984
FITB,9.333333015441895,14.419753074645996,18.740741729736328,36.16666793823242,47.41666793823242,48.5,59.1875,61.15999984741211,58.720001220703125,58.88999938964844,47.619998931884766,38.040000915527344,41.04999923706055,24.950000762939453,8.239999771118164,9.880000114440918,14.829999923706055,13.0,15.460000038146973,20.940000534057617,20.40999984741211,19.479999542236328,27.329999923706055,31.190000534057617,23.170000076293945,30.950000762939453,27.760000228881836
HUM,22.625,27.25,19.125,21.0,18.375,8.3125,14.5,11.800000190734863,10.100000381469727,23.049999237060547,29.860000610351562,54.90999984741211,55.459999084472656,76.51000213623047,37.380001068115234,44.43000030517578,55.060001373291016,89.20999908447266,69.73999786376953,102.76000213623047,144.9499969482422,177.6699981689453,202.8699951171875,249.36000061035156,283.30999755859375,367.1600036621094,417.82000732421875
CBRL,18.5,17.25,25.375,33.5,23.3125,9.71875,17.9375,29.579999923706055,30.170000076293945,38.470001220703125,41.70000076293945,35.13999938964844,44.18000030517578,32.20000076293945,20.729999542236328,38.47999954223633,55.2400016784668,51.0099983215332,65.22000122070312,109.5,141.77000427246094,125.38999938964844,167.00999450683594,160.1699981689453,157.0,154.10000610351562,131.9199981689453
JACK,2.125,2.875,4.4375,7.59375,11.03125,10.46875,14.625,13.774999618530273,8.649999618530273,10.765000343322754,18.424999237060547,17.559999465942383,30.600000381469727,25.780000686645508,21.540000915527344,19.920000076293945,21.270000457763672,21.959999084472656,29.149999618530273,49.65999984741211,80.16000366210938,75.4800033569336,111.9800033569336,96.69000244140625,76.98999786376953,78.0999984741211,92.83000183105469
CI,7.055555820465088,11.472222328186035,15.194443702697754,19.22222137451172,26.333332061767578,26.770832061767578,44.43333435058594,30.833332061767578,13.706666946411133,19.19333267211914,27.183332443237305,37.29666519165039,44.276668548583984,53.79999923706055,16.90999984741211,35.27000045776367,36.86000061035156,42.81999969482422,54.099998474121094,86.98999786376953,103.63999938964844,144.7100067138672,133.91000366210938,204.13999938964844,187.69000244140625,205.38999938964844,209.13999938964844
AZO,24.125,29.125,27.0,28.75,33.0,32.125,28.25,71.8499984741211,71.19999694824219,85.0999984741211,91.30999755859375,91.8499984741211,115.94000244140625,120.0999984741211,138.94000244140625,158.99000549316406,273.489990234375,327.7200012207031,357.0,477.6700134277344,623.97998046875,733.0,795.5800170898438,716.5399780273438,831.6699829101562,1194.8599853515625,1183.56005859375
USM,32.5,33.75,27.75,30.75,38.375,102.25,60.0,45.5,25.149999618530273,35.5,45.0,49.4900016784668,69.94999694824219,83.48999786376953,43.45000076293945,42.5,50.25,44.61000061035156,35.93000030517578,41.59000015258789,40.15999984741211,40.02000045776367,43.68000030517578,37.790000915527344,51.45000076293945,36.439998626708984,30.75
JNJ,13.65625,21.375,24.9375,32.53125,41.46875,46.5625,52.0,58.900001525878906,54.25,51.65999984741211,63.349998474121094,61.06999969482422,66.12999725341797,66.55999755859375,60.130001068115234,64.70999908447266,62.630001068115234,65.58999633789062,71.0199966430664,91.13999938964844,105.05000305175781,101.70999908447266,115.77999877929688,139.66000366210938,128.1300048828125,145.8699951171875,157.24000549316406
ROST,0.3515630066394806,0.5976560115814209,1.5546879768371582,2.289062976837158,2.472656011581421,2.261718988418579,2.123047113418579,4.056250095367432,5.347499847412109,6.682499885559082,7.207499980926514,7.1875,7.324999809265137,6.367499828338623,7.442500114440918,10.692500114440918,16.0049991607666,24.235000610351562,27.135000228881836,37.17499923706055,47.41999816894531,53.0,66.0199966430664,80.86000061035156,81.80000305175781,116.4800033569336,122.54000091552734
LNC,17.75,26.75,26.1875,38.9375,41.25,38.875,47.3125,48.20000076293945,31.729999542236328,40.34000015258789,47.16999816894531,53.27000045776367,66.6500015258789,57.95000076293945,18.790000915527344,25.31999969482422,28.170000076293945,20.0,26.719999313354492,51.33000183105469,58.099998474121094,49.16999816894531,66.91000366210938,77.98999786376953,50.119998931884766,59.400001525878906,50.790000915527344
TRV,22.375,27.8125,29.375,41.125,34.75,33.25,54.4375,44.150001525878906,34.04999923706055,39.75,37.45000076293945,44.849998474121094,53.689998626708984,53.65999984741211,45.2599983215332,50.150001525878906,56.09000015258789,60.11000061035156,73.08999633789062,90.51000213623047,106.29000091552734,110.70999908447266,123.06999969482422,136.3000030517578,117.48999786376953,137.52000427246094,140.6300048828125
DIS,15.126333236694336,19.442270278930664,22.936124801635742,32.554500579833984,29.594999313354492,28.855125427246094,28.0535945892334,20.617849349975586,16.573200225830078,23.17288589477539,27.4345645904541,23.754919052124023,33.748165130615234,32.31999969482422,22.760000228881836,32.5,37.7400016784668,37.970001220703125,50.79999923706055,76.04000091552734,94.91000366210938,103.12000274658203,105.30000305175781,108.94999694824219,108.0999984741211,145.2899932861328,182.25999450683594
DRI,5.437891960144043,6.927724838256836,5.288908004760742,7.41192102432251,10.689554214477539,10.726799964904785,13.631975173950195,21.215227127075195,18.35176658630371,18.7540225982666,24.796785354614258,35.26435470581055,35.907962799072266,25.020261764526367,25.46721076965332,31.6798152923584,41.76300811767578,41.20878982543945,40.833351135253906,48.43150329589844,52.7401008605957,62.880001068115234,73.19999694824219,96.77999877929688,99.26000213623047,109.80000305175781,119.87999725341797
MCD,14.625,22.5,22.625,23.9375,38.6875,39.9375,33.8125,26.469999313354492,16.170000076293945,24.950000762939453,31.600000381469727,34.290000915527344,43.650001525878906,59.47999954223633,62.380001068115234,62.630001068115234,77.0999984741211,101.33000183105469,89.4000015258789,96.80999755859375,94.12999725341797,117.25,121.86000061035156,173.72999572753906,175.41000366210938,198.0,214.49000549316406
PZZA,3.1388890743255615,4.5833330154418945,8.4375,8.65625,11.53125,6.546875,5.578125,6.869999885559082,6.945000171661377,8.359999656677246,8.574999809265137,14.850000381469727,14.59000015258789,11.234999656677246,9.244999885559082,11.845000267028809,13.949999809265137,19.225000381469727,28.0049991607666,46.5099983215332,56.349998474121094,54.970001220703125,86.20999908447266,56.290000915527344,39.63999938964844,62.88999938964844,85.23999786376953
SBUX,0.8515629768371582,1.3125,1.7890629768371582,2.398437976837158,3.476562976837158,2.984375,5.490233898162842,4.777500152587891,5.117499828338623,8.362500190734863,15.822500228881836,15.28499984741211,17.799999237060547,10.069999694824219,4.704999923706055,11.65999984741211,16.2450008392334,23.424999237060547,27.295000076293945,39.03499984741211,41.064998626708984,58.77000045776367,55.90999984741211,57.95000076293945,63.68000030517578,88.12000274658203,107.66000366210938
WEN,11.875,10.875,11.625,27.25,16.25,18.25,24.125,24.399999618530273,26.350000381469727,11.800000190734863,12.920000076293945,16.989999771118164,21.799999237060547,8.829999923706055,4.940000057220459,4.739999771118164,4.639999866485596,5.420000076293945,4.760000228881836,8.729999542236328,9.100000381469727,10.609999656677246,13.550000190734863,16.40999984741211,15.470000267028809,22.209999084472656,21.93000030517578
LUV,3.358025074005127,4.543210029602051,4.419753074645996,7.370369911193848,9.972222328186035,10.791666984558105,22.166667938232422,18.25,14.100000381469727,16.219999313354492,16.34000015258789,16.3700008392334,15.460000038146973,12.180000305175781,8.609999656677246,11.399999618530273,13.029999732971191,8.720000267028809,10.449999809265137,18.850000381469727,42.689998626708984,41.70000076293945,50.400001525878906,65.91000366210938,46.04999923706055,54.380001068115234,46.47999954223633
CVX,22.4375,26.3125,32.625,38.25,41.53125,42.9375,42.59375,44.80500030517578,33.599998474121094,43.2400016784668,52.459999084472656,57.25,72.7699966430664,93.95999908447266,74.2300033569336,78.19999694824219,91.66000366210938,108.73999786376953,110.2699966430664,124.45999908447266,111.62999725341797,89.52999877929688,118.37999725341797,125.70999908447266,107.33999633789062,120.80999755859375,85.1500015258789
XOM,15.125,20.0625,24.5625,30.53125,36.375,39.75,43.34375,39.29999923706055,35.0,41.02000045776367,51.02000045776367,56.41999816894531,76.26000213623047,94.1500015258789,80.05999755859375,68.72000122070312,73.72000122070312,85.97000122070312,87.79000091552734,100.5999984741211,92.25,77.5,90.94000244140625,83.81999969482422,67.3499984741211,70.23999786376953,41.45000076293945
BP,19.9375,25.4375,35.1875,39.65625,45.875,59.25,49.0625,46.29999923706055,40.849998474121094,49.529998779296875,58.04999923706055,65.5,67.2699966430664,73.77999877929688,47.0,59.29999923706055,44.900001525878906,43.790000915527344,42.45000076293945,48.43000030517578,38.209999084472656,30.799999237060547,38.099998474121094,42.060001373291016,37.470001220703125,38.040000915527344,21.09000015258789
ODP,158.3333282470703,132.5,117.5,159.5833282470703,243.3333282470703,110.0,71.25,182.0,147.60000610351562,167.5,173.8000030517578,317.0,382.70001220703125,141.6999969482422,30.399999618530273,65.9000015258789,57.29999923706055,22.299999237060547,34.0,52.900001525878906,86.0,55.099998474121094,46.29999923706055,35.5,25.200000762939453,27.5,29.309999465942383
TJX,0.484375,0.5820310115814209,1.464843988418579,2.132812976837158,3.625,2.546875,3.5,4.982500076293945,4.912499904632568,5.494999885559082,6.287499904632568,5.800000190734863,7.224999904632568,7.175000190734863,5.102499961853027,9.0,11.142499923706055,16.287500381469727,21.450000762939453,31.68000030517578,34.32500076293945,34.94499969482422,37.779998779296875,38.43000030517578,44.22999954223633,61.33000183105469,68.30000305175781
JPM,11.958333015441895,19.5,30.083332061767578,36.20833206176758,46.75,49.83333206176758,44.625,36.4900016784668,25.25,36.560001373291016,39.47999954223633,39.83000183105469,48.0,43.54999923706055,31.190000534057617,41.790000915527344,43.0,34.060001373291016,44.97999954223633,58.310001373291016,62.18000030517578,63.95000076293945,87.33999633789062,107.62999725341797,95.94999694824219,139.7899932861328,127.5
KEY,12.5,17.9375,25.3125,35.09375,31.75,21.5,27.5625,24.200000762939453,25.469999313354492,29.31999969482422,33.88999938964844,33.18000030517578,37.790000915527344,23.530000686645508,8.489999771118164,5.659999847412109,8.960000038146973,7.840000152587891,8.619999885559082,13.430000305175781,14.0,12.989999771118164,18.510000228881836,20.31999969482422,14.529999732971191,20.360000610351562,16.579999923706055
PNC,21.125,31.75,37.5,56.5,54.25,44.0,73.0,55.70000076293945,42.369998931884766,54.72999954223633,57.439998626708984,62.25,74.47000122070312,65.51000213623047,48.4900016784668,53.7400016784668,61.290000915527344,58.93000030517578,59.5099983215332,76.05999755859375,91.83999633789062,94.0,118.77999877929688,145.25,115.1500015258789,159.75,149.67999267578125
CVS,7.78125,7.625,10.3125,16.1875,27.5,20.0,29.90625,14.925000190734863,12.725000381469727,18.145000457763672,22.700000762939453,26.670000076293945,30.950000762939453,39.709999084472656,28.809999465942383,32.43000030517578,34.939998626708984,41.29999923706055,49.02000045776367,71.16000366210938,96.5199966430664,96.16999816894531,79.58000183105469,73.05999755859375,64.86000061035156,74.6500015258789,68.68000030517578
UNH,5.625,8.125,5.625,6.21875,5.46875,6.640625,15.375,17.5,20.877500534057617,29.524999618530273,43.599998474121094,62.599998474121094,54.31999969482422,57.189998626708984,26.700000762939453,31.3799991607666,36.380001068115234,51.2400016784668,54.880001068115234,74.91000366210938,101.5,116.91000366210938,161.1300048828125,221.02000427246094,245.0,293.9800109863281,351.45001220703125
DDS,26.625,28.375,30.875,35.0,28.5625,20.1875,11.4375,16.239999771118164,15.800000190734863,16.510000228881836,27.030000686645508,25.040000915527344,35.290000915527344,18.670000076293945,3.950000047683716,18.75,38.45000076293945,45.810001373291016,84.23999786376953,96.87000274658203,125.44000244140625,65.0999984741211,63.63999938964844,60.41999816894531,59.400001525878906,74.3499984741211,64.0
PG,15.46875,20.53125,26.78125,39.65625,45.0,53.90625,39.0625,39.45000076293945,43.04999923706055,49.82500076293945,55.650001525878906,58.29999923706055,63.720001220703125,73.58999633789062,61.689998626708984,61.11000061035156,64.38999938964844,66.30000305175781,68.6500015258789,81.33000183105469,90.83999633789062,78.36000061035156,83.87999725341797,91.91999816894531,91.02999877929688,124.5,139.66000366210938
KO,12.875,18.5625,26.25,33.34375,33.5,29.0,30.46875,23.399999618530273,22.075000762939453,25.399999618530273,20.950000762939453,20.395000457763672,24.18000030517578,30.725000381469727,22.700000762939453,28.579999923706055,32.939998626708984,35.07500076293945,36.9900016784668,41.119998931884766,42.2599983215332,42.34000015258789,41.5,45.90999984741211,46.939998626708984,55.31999969482422,54.27000045776367
PEP,18.125,27.5625,30.0,36.3125,40.625,35.375,49.375,48.5,42.119998931884766,46.939998626708984,52.22999954223633,59.91999816894531,62.70000076293945,76.41000366210938,54.93000030517578,61.189998626708984,65.91000366210938,66.86000061035156,69.18000030517578,82.93000030517578,94.93000030517578,98.55999755859375,104.94000244140625,119.93000030517578,109.1500015258789,136.8699951171875,147.00999450683594
VFC,5.7232818603515625,6.164666175842285,7.9007768630981445,10.828624725341797,11.093456268310547,7.0032958984375,8.472222328186035,9.239642143249512,8.495762825012207,10.178908348083496,12.987288475036621,13.050847053527832,19.460922241210938,16.12994384765625,13.064971923828125,17.41996192932129,20.393125534057617,30.845104217529297,36.024009704589844,59.34086608886719,70.80037689208984,57.14689254760742,50.49905776977539,70.07533264160156,65.8757095336914,99.66999816894531,86.58000183105469
WHR,50.375,53.125,46.5,54.75,55.375,64.3125,47.5625,73.33000183105469,52.75,72.87999725341797,70.94999694824219,83.94000244140625,83.2699966430664,81.16999816894531,41.349998474121094,81.37999725341797,89.7300033569336,48.34000015258789,103.73999786376953,156.52000427246094,194.1699981689453,144.39999389648438,183.4600067138672,169.1699981689453,104.20999908447266,148.94000244140625,182.47999572753906
TAP,8.375,11.0625,9.5,16.8125,27.9375,26.25,40.15625,26.625,30.674999237060547,28.06999969482422,37.849998474121094,33.5,38.5,51.7400016784668,48.709999084472656,45.56999969482422,50.439998626708984,44.09000015258789,43.41999816894531,55.95000076293945,74.63999938964844,92.97000122070312,97.88999938964844,82.23999786376953,55.880001068115234,54.25,46.52000045776367
CPB,21.875,29.875,40.0,57.9375,54.875,39.625,34.6875,29.6200008392334,23.6299991607666,26.799999237060547,30.0,29.899999618530273,38.900001525878906,35.63999938964844,30.18000030517578,33.90999984741211,34.86000061035156,33.5,35.189998626708984,43.08000183105469,44.099998474121094,51.93000030517578,60.599998474121094,48.20000076293945,32.7599983215332,49.45000076293945,48.20000076293945
TSN,14.0,17.416667938232422,22.666667938232422,20.5,21.25,16.375,12.0,11.199999809265137,11.220000267028809,13.170000076293945,18.329999923706055,17.06999969482422,16.459999084472656,15.229999542236328,8.8100004196167,12.270000457763672,17.209999084472656,20.889999389648438,19.709999084472656,33.52000045776367,40.09000015258789,52.439998626708984,62.47999954223633,81.12000274658203,53.040000915527344,91.08000183105469,64.55000305175781
CAG,12.15953254699707,16.09922218322754,19.503890991210938,25.68093490600586,24.51361846923828,17.509727478027344,20.136186599731445,18.536964416503906,19.64202308654785,20.58365821838379,22.762645721435547,15.914397239685059,21.089494705200195,18.474708557128906,12.87159538269043,18.093385696411133,17.6575870513916,20.723735809326172,23.322956085205078,26.19455337524414,28.186769485473633,32.443580627441406,39.709999084472656,37.68000030517578,21.139999389648438,34.25,36.400001525878906
GIS,11.77762508392334,14.4375,15.875,17.890625,19.4375,17.6875,22.0,25.864999771118164,23.475000381469727,22.75,24.8700008392334,24.760000228881836,28.69499969482422,28.43000030517578,30.46500015258789,35.595001220703125,35.75,40.59000015258789,40.900001525878906,49.599998474121094,53.099998474121094,56.84000015258789,62.09000015258789,59.43000030517578,38.81999969482422,53.630001068115234,58.58000183105469
HSY,12.09375,16.1875,21.75,30.84375,31.0,23.5,32.09375,33.724998474121094,33.80500030517578,38.494998931884766,55.290000915527344,55.27000045776367,49.79999923706055,39.45000076293945,35.11000061035156,36.0099983215332,47.31999969482422,62.099998474121094,72.86000061035156,97.18000030517578,104.33000183105469,88.16000366210938,103.83999633789062,113.4800033569336,106.18000030517578,147.22999572753906,153.00999450683594
K,28.9375,38.375,32.6875,49.375,34.1875,30.125,26.0625,29.850000381469727,34.279998779296875,37.97999954223633,44.68000030517578,43.95000076293945,50.290000915527344,52.29999923706055,43.97999954223633,53.310001373291016,51.22999954223633,50.970001220703125,56.33000183105469,60.97999954223633,65.62999725341797,71.58999633789062,73.70999908447266,68.02999877929688,56.779998779296875,69.12999725341797,62.02000045776367
FUJHY,,2.299999952316284,2.200000047683716,1.662500023841858,2.480468988418579,3.799999952316284,3.174999952316284,2.1500000953674316,2.299999952316284,2.25,2.4549999237060547,2.755000114440918,2.5350000858306885,2.30049991607666,1.340000033378601,2.424999952316284,3.8949999809265137,2.987499952316284,6.367499828338623,14.380000114440918,17.899999618530273,20.037500381469727,20.440000534057617,15.8100004196167,10.800000190734863,12.449999809265137,9.699999809265137
TD,,4.84375,6.375,9.4375,9.03125,13.46875,14.375,12.869999885559082,10.875,16.875,20.84000015258789,26.295000076293945,29.69499969482422,34.96500015258789,17.739999771118164,31.635000228881836,37.435001373291016,37.709999084472656,42.709999084472656,46.78499984741211,47.22999954223633,38.630001068115234,49.56999969482422,58.81999969482422,49.33000183105469,56.2599983215332,56.77000045776367
ANF,,11.0,8.3125,15.65625,35.0625,28.625,20.5,26.649999618530273,20.979999542236328,24.850000381469727,47.2400016784668,66.0,69.72000122070312,79.63999938964844,23.290000915527344,35.22999954223633,58.369998931884766,49.58000183105469,48.0099983215332,32.439998626708984,28.760000228881836,26.530000686645508,11.640000343322754,17.639999389648438,19.639999389648438,17.399999618530273,20.510000228881836
CHH,,7.0,8.75,8.03125,6.78125,8.53125,6.875,11.074999809265137,11.40999984741211,17.575000762939453,29.0,42.13999938964844,42.04999923706055,33.09000015258789,30.399999618530273,31.850000381469727,38.52000045776367,38.560001373291016,34.0,49.040000915527344,56.41999816894531,49.70000076293945,56.599998474121094,77.80000305175781,70.73999786376953,103.94999694824219,107.0
FE,,,25.75,28.75,32.8125,22.4375,31.4375,34.75,32.95000076293945,35.29999923706055,39.619998931884766,49.18000030517578,60.45000076293945,72.12000274658203,48.52000045776367,46.619998931884766,37.2599983215332,44.66999816894531,42.220001220703125,32.959999084472656,39.099998474121094,31.520000457763672,30.969999313354492,30.719999313354492,37.38999938964844,48.560001373291016,30.610000610351562
AMZN,,,0.12187500298023224,0.25,2.730729103088379,4.074999809265137,0.7906249761581421,0.546500027179718,0.9595000147819519,2.638000011444092,2.247499942779541,2.373500108718872,1.934000015258789,4.767499923706055,2.567500114440918,6.8125,9.068499565124512,8.794500350952148,12.803999900817871,19.940000534057617,15.628999710083008,32.81449890136719,37.895999908447266,58.599998474121094,73.26000213623047,93.75,163.5
YUM,,,5.1671462059021,5.223310947418213,8.829079627990723,6.930715084075928,5.942217826843262,8.896476745605469,8.785046577453613,12.361610412597656,16.959022521972656,16.92667007446289,21.117900848388672,27.548526763916016,22.875629425048828,25.248022079467773,35.4421272277832,42.854061126708984,48.526241302490234,54.19123077392578,52.79655075073242,51.272464752197266,63.560001373291016,82.1500015258789,91.08999633789062,100.9000015258789,109.0199966430664
SRE,,,,28.25,25.3125,17.25,23.0,24.5,23.670000076293945,30.049999237060547,36.599998474121094,45.040000915527344,55.95000076293945,61.959999084472656,42.72999954223633,56.400001525878906,52.689998626708984,55.689998626708984,71.9800033569336,89.55000305175781,111.77999877929688,93.16000366210938,100.93000030517578,107.23999786376953,107.9800033569336,151.3300018310547,127.23999786376953
AEE,,,,43.0,42.5625,32.5625,45.875,42.349998474121094,41.75,46.16999816894531,50.20000076293945,51.70000076293945,53.72999954223633,54.09000015258789,33.34000015258789,28.030000686645508,28.329999923706055,33.650001525878906,31.139999389648438,36.04999923706055,46.290000915527344,43.130001068115234,52.59000015258789,58.97999954223633,65.06999969482422,76.94000244140625,77.63999938964844
LNVGY,,,,1.59375,1.71875,13.0,11.5,10.300000190734863,6.050000190734863,9.050000190734863,6.099999904632568,9.199999809265137,8.350000381469727,18.40999984741211,5.5,12.770000457763672,12.649999618530273,13.420000076293945,18.75,24.549999237060547,26.059999465942383,19.200000762939453,12.0600004196167,11.399999618530273,13.140000343322754,13.979999542236328,19.229999542236328
DENN,,,,10.0,6.125,1.78125,0.625,0.6299999952316284,0.6399999856948853,0.41999998688697815,4.5,3.950000047683716,4.760000228881836,3.819999933242798,1.9900000095367432,2.2200000286102295,3.619999885559082,3.859999895095825,4.989999771118164,7.170000076293945,10.390000343322754,9.640000343322754,12.920000076293945,13.260000228881836,16.06999969482422,19.940000534057617,14.520000457763672
MAR,,,,16.779876708984375,13.517123222351074,14.71152400970459,19.285205841064453,18.93329429626465,15.428163528442383,21.478242874145508,29.243595123291016,31.28514862060547,44.4666748046875,31.788543701171875,18.19684410095215,26.022619247436523,39.49104690551758,29.8799991607666,38.31999969482422,49.029998779296875,78.33999633789062,65.93000030517578,83.3499984741211,135.88999938964844,106.72000122070312,151.5,131.50999450683594
EBAY,,,,0.9382010102272034,4.14518404006958,6.845801830291748,3.544559955596924,6.880260944366455,7.17697811126709,13.543770790100098,24.661195755004883,18.396465301513672,12.777777671813965,14.078283309936523,5.904881954193115,9.98316478729248,11.872896194458008,12.97558879852295,22.053871154785156,23.135522842407227,23.72895622253418,27.110000610351562,29.829999923706055,38.16999816894531,27.649999618530273,36.40999984741211,50.47999954223633
ADS.DE,,,,40.9162483215332,23.775075912475586,18.875,16.5,21.075000762939453,20.575000762939453,22.575000762939453,29.854999542236328,40.375,37.779998779296875,51.0099983215332,26.600000381469727,37.959999084472656,49.279998779296875,49.5099983215332,68.33999633789062,92.87999725341797,57.720001220703125,88.12000274658203,149.75,167.14999389648438,183.0500030517578,289.20001220703125,300.0
UPS,,,,,65.0,69.6875,58.0,54.54999923706055,63.5,73.19999694824219,85.33999633789062,76.13999938964844,75.44999694824219,70.55000305175781,55.31999969482422,58.18000030517578,73.18000030517578,74.01000213623047,75.08999633789062,104.62999725341797,111.2699966430664,95.33999633789062,115.5199966430664,120.04000091552734,96.12000274658203,117.68000030517578,168.39999389648438
BB,,,,,2.1458330154418945,8.5,12.572916984558105,3.9549999237060547,2.194999933242798,11.19333267211914,27.75,22.200000762939453,43.086666107177734,114.44999694824219,40.709999084472656,68.16000366210938,58.689998626708984,14.84000015258789,12.319999694824219,7.449999809265137,11.010000228881836,9.170000076293945,6.929999828338623,11.25,7.0,6.519999980926514,6.699999809265137
FMNB,,,,,8.935212135314941,12.567014694213867,7.390762805938721,10.601125717163086,13.60053825378418,15.392156600952148,15.899999618530273,12.100000381469727,10.729999542236328,8.0,3.9000000953674316,4.599999904632568,3.5899999141693115,4.949999809265137,6.309999942779541,6.579999923706055,8.40999984741211,8.5,14.25,14.899999618530273,12.600000381469727,16.360000610351562,13.329999923706055
FLWS,,,,,21.75,11.0625,4.125,15.100000381469727,6.409999847412109,11.369999885559082,8.449999809265137,6.519999980926514,6.190000057220459,8.6899995803833,3.8299999237060547,2.690000057220459,2.700000047683716,2.2799999713897705,3.859999895095825,5.349999904632568,8.239999771118164,7.179999828338623,10.699999809265137,10.699999809265137,12.020000457763672,14.579999923706055,26.15999984741211
6503.T,,,,,,674.0,723.0,529.0,282.0,449.0,498.0,844.0,1099.0,1110.0,579.0,693.0,862.0,748.0,767.0,1302.0,1434.5,1280.0,1639.5,1871.5,1176.5,1477.0,1563.0
UBS,,,,,,22.333332061767578,26.90833282470703,25.469999313354492,24.084999084472656,33.349998474121094,42.31999969482422,48.845001220703125,62.220001220703125,46.380001068115234,14.4399995803833,15.84000015258789,16.579999923706055,12.300000190734863,16.270000457763672,18.8700008392334,17.049999237060547,18.920000076293945,16.219999313354492,18.5,12.25,12.699999809265137,14.4399995803833
005930.KS,,,,,,6000.0,3160.0,5580.0,6280.0,9020.0,9050.0,13280.0,12400.0,11180.0,9070.0,16060.0,19100.0,21400.0,30660.0,26960.0,26800.0,25200.0,35980.0,51380.0,39400.0,55500.0,81000.0
2357.TW,,,,,,441.34356689453125,175.6547088623047,337.627685546875,134.60977172851562,209.46575927734375,262.6700744628906,427.10003662109375,423.06512451171875,488.3427429199219,200.69151306152344,343.7158508300781,227.04917907714844,216.0,328.0,270.5,341.5,272.0,265.5,279.0,203.5,233.0,250.5
0992.HK,,,,,,14.100000381469727,4.900000095367432,3.924999952316284,2.6500000953674316,3.3499999046325684,2.325000047683716,3.575000047683716,3.1600000858306885,6.960000038146973,2.1500000953674316,4.860000133514404,4.980000019073486,5.269999980926514,7.070000171661377,9.329999923706055,10.199999809265137,7.800000190734863,4.739999771118164,4.409999847412109,5.360000133514404,5.210000038146973,7.179999828338623
7201.T,,,,,,402.0,649.0,705.0,953.0,1262.0,1115.0,1193.0,1450.0,1149.0,335.0,813.0,788.0,700.0,850.0,890.0,1056.0,1268.5,1191.0,1123.5,856.0999755859375,630.7000122070312,569.0
7211.T,,,,,,3440.0,3350.0,2290.0,2600.0,2220.0,1180.0,2480.0,1990.0,1860.0,1270.0,1280.0,1190.0,910.0,940.0,1128.0,1101.0,1033.0,680.0,814.0,572.0,452.0,220.0
6971.T,,,,,,13050.0,6310.0,4500.0,3555.0,3625.0,3925.0,4350.0,5560.0,4755.0,3275.0,4120.0,4215.0,3145.0,4075.0,5160.0,5518.0,5564.0,5845.0,7373.0,5312.0,7384.0,6356.0
MET,,,,,,12.923351287841797,31.25,28.030302047729492,24.429590225219727,30.0356502532959,36.15864562988281,43.85026550292969,53.13725662231445,54.59001922607422,31.434938430786133,31.978609085083008,40.0623893737793,28.582887649536133,30.338680267333984,47.727272033691406,48.556148529052734,41.99643325805664,48.582889556884766,50.810001373291016,40.61000061035156,51.279998779296875,47.029998779296875
AAP,,,,,,,13.386667251586914,16.166667938232422,16.333332061767578,27.226667404174805,29.333332061767578,43.470001220703125,35.709999084472656,37.90999984741211,33.86000061035156,40.70000076293945,66.5,71.13999938964844,73.48999786376953,110.36000061035156,160.85000610351562,149.25,170.77999877929688,100.9000015258789,156.16000366210938,160.47000122070312,157.89999389648438
PRU,,,,,,,29.100000381469727,32.61000061035156,31.5,41.900001525878906,54.849998474121094,73.80000305175781,85.97000122070312,93.01000213623047,30.290000915527344,50.43000030517578,59.43000030517578,51.470001220703125,54.939998626708984,91.5,91.01000213623047,79.55000305175781,105.2300033569336,115.16999816894531,79.94000244140625,94.04000091552734,78.4000015258789
GME,,,,,,,,2.40625,1.225000023841858,1.975000023841858,2.8687500953674316,3.9774999618530273,6.888750076293945,15.537500381469727,5.432499885559082,5.517499923706055,5.767499923706055,6.107500076293945,6.394999980926514,12.287500381469727,8.515000343322754,6.760000228881836,6.360000133514404,4.489999771118164,3.112499952316284,1.534999966621399,4.75
NFLX,,,,,,,,1.1564290523529053,0.8464289903640747,4.107142925262451,1.7999999523162842,3.8657140731811523,3.7142860889434814,3.794286012649536,4.2171430587768555,7.931428909301758,25.0,10.039999961853027,13.601428985595703,52.40142822265625,49.15142822265625,109.0,124.95999908447266,196.10000610351562,259.2799987792969,326.1000061035156,539.0
066570.KS,,,,,,,,58380.265625,40522.7734375,57497.203125,63678.64453125,88404.40625,54749.8984375,98608.6875,74275.3984375,120194.6640625,116269.9453125,75300.0,74600.0,68400.0,59000.0,53900.0,51800.0,106500.0,63300.0,71800.0,136500.0
RRGB,,,,,,,,12.260000228881836,12.949999809265137,30.25,53.25,51.15999984741211,35.79999923706055,31.989999771118164,16.8799991607666,18.110000610351562,21.649999618530273,28.479999542236328,35.869998931884766,73.37999725341797,77.87999725341797,60.880001068115234,57.0,56.79999923706055,26.440000534057617,33.08000183105469,19.25
DKS,,,,,,,,3.059999942779541,4.800000190734863,12.212499618530273,17.625,16.635000228881836,24.375,27.700000762939453,14.09000015258789,24.959999084472656,37.7400016784668,37.529998779296875,46.369998931884766,58.0,49.93000030517578,34.689998626708984,53.470001220703125,29.1299991607666,30.84000015258789,49.72999954223633,56.27000045776367
OSTK,,,,,,,,13.6899995803833,12.90999984741211,20.0,69.5999984741211,28.299999237060547,15.920000076293945,15.470000267028809,10.8100004196167,13.720000267028809,16.59000015258789,7.909999847412109,14.6899995803833,30.510000228881836,24.420000076293945,12.119999885559082,17.75,64.0999984741211,13.3100004196167,7.079999923706055,48.5
JBLU,,,,,,,,11.117036819458008,11.95555591583252,17.760000228881836,15.5600004196167,14.720000267028809,14.34000015258789,5.940000057220459,6.920000076293945,5.539999961853027,6.710000038146973,5.329999923706055,5.889999866485596,8.5600004196167,16.1299991607666,22.040000915527344,22.65999984741211,22.3700008392334,15.800000190734863,18.899999618530273,14.649999618530273
IHG,,,,,,,,,12.118489265441895,20.18355369567871,25.80402374267578,30.484268188476562,45.193607330322266,26.207538604736328,13.103769302368164,22.356197357177734,30.15094566345215,28.20225715637207,40.94390869140625,47.80369567871094,53.08484649658203,50.652671813964844,50.24262619018555,67.16543579101562,56.81770324707031,68.87000274658203,64.9000015258789
DPZ,,,,,,,,,,14.0,17.770000457763672,24.360000610351562,27.799999237060547,13.220000267028809,4.71999979019165,8.529999732971191,16.100000381469727,34.58000183105469,44.18000030517578,69.6500015258789,94.30000305175781,109.95999908447266,159.22000122070312,188.52000427246094,245.58999633789062,293.7900085449219,383.0
TXRH,,,,,,,,,,10.75,14.805000305175781,15.0,13.109999656677246,11.050000190734863,7.760000228881836,11.390000343322754,17.34000015258789,15.0600004196167,17.139999389648438,27.6299991607666,33.95000076293945,35.08000183105469,48.54999923706055,53.22999954223633,58.849998474121094,56.63999938964844,78.4800033569336
GOOGL,,,,,,,,,,2.502502918243408,4.939939975738525,10.57357406616211,11.661662101745605,17.339088439941406,7.722723007202148,15.689438819885254,14.926926612854004,16.339839935302734,18.003503799438477,27.914413452148438,26.6299991607666,38.11000061035156,40.03099822998047,52.6510009765625,51.36000061035156,67.42050170898438,88.0
NGG,,,,,,,,,,,51.67030715942383,53.831878662109375,79.66157531738281,90.70960998535156,54.235809326171875,60.03274917602539,48.52619934082031,53.38427734375,63.187774658203125,70.69869232177734,76.52838134765625,75.1310043334961,63.438865661621094,58.810001373291016,48.279998779296875,62.70000076293945,60.31999969482422
EXPE,,,,,,,,,,,48.220001220703125,48.0,41.91999816894531,63.29999923706055,16.420000076293945,51.41999816894531,50.29999923706055,29.75,62.61000061035156,69.08000183105469,85.58000183105469,121.26000213623047,114.04000091552734,120.63999938964844,110.4000015258789,108.87000274658203,134.57000732421875
AAL,,,,,,,,,,,21.049999237060547,37.20000076293945,53.88999938964844,14.550000190734863,7.730000019073486,4.840000152587891,10.109999656677246,5.199999809265137,13.720000267028809,25.06999969482422,54.279998779296875,41.290000915527344,47.279998779296875,52.33000183105469,31.459999084472656,28.979999542236328,15.850000381469727
TOSBF,,,,,,,,,,,47.0,61.5,66.0,74.5,40.0,56.0,54.20000076293945,40.70000076293945,39.099998474121094,42.5,42.5,21.200000762939453,25.0,28.399999618530273,27.8799991607666,33.91999816894531,28.75
ALGT,,,,,,,,,,,,24.0,28.360000610351562,32.06999969482422,48.97999954223633,47.18000030517578,49.630001068115234,54.40999984741211,74.4800033569336,105.33000183105469,151.8699951171875,164.7899932861328,168.25,155.39999389648438,98.5999984741211,175.13999938964844,188.77000427246094
CMG,,,,,,,,,,,,45.0,56.900001525878906,147.10000610351562,61.88999938964844,89.5999984741211,215.25999450683594,343.70001220703125,304.260009765625,530.0,686.0,468.70001220703125,379.1099853515625,290.8999938964844,427.8299865722656,839.969970703125,1386.6800537109375
UAL,,,,,,,,,,,,34.81999969482422,44.79999923706055,35.25,11.079999923706055,12.989999771118164,24.1299991607666,19.229999542236328,23.829999923706055,37.70000076293945,67.73999786376953,55.790000915527344,74.0199966430664,67.9000015258789,81.69000244140625,89.56999969482422,43.68000030517578
HBI,,,,,,,,,,,,4.949999809265137,5.925000190734863,6.760000228881836,3.240000009536743,6.070000171661377,6.40500020980835,5.642499923706055,9.109999656677246,17.454999923706055,28.084999084472656,28.920000076293945,21.899999618530273,21.0,12.319999694824219,14.770000457763672,14.680000305175781
HENKY,,,,,,,,,,,,,11.9375,12.612500190734863,6.699999809265137,11.3725004196167,12.957500457763672,12.520000457763672,17.209999084472656,25.55500030517578,24.0,23.149999618530273,25.354999542236328,29.875,24.489999771118164,23.360000610351562,24.59000015258789
ULTA,,,,,,,,,,,,,33.0,17.0,8.3100004196167,19.229999542236328,34.130001068115234,65.9000015258789,100.26000213623047,96.20999908447266,128.1300048828125,182.6699981689453,256.20001220703125,224.44000244140625,239.9600067138672,254.32000732421875,287.1600036621094
TMUS,,,,,,,,,,,,,50.20000076293945,39.220001220703125,29.860000610351562,15.479999542236328,25.520000457763672,17.81999969482422,20.0,33.029998779296875,27.100000381469727,38.86000061035156,58.099998474121094,63.900001525878906,62.869998931884766,78.87999725341797,134.3000030517578
DAL,,,,,,,,,,,,,21.75,14.729999542236328,11.3100004196167,11.220000267028809,12.6899995803833,8.229999542236328,12.069999694824219,27.260000228881836,49.91999816894531,49.41999816894531,49.369998931884766,56.290000915527344,49.25,58.93000030517578,40.16999816894531
PM,,,,,,,,,,,,,,50.0,43.470001220703125,48.33000183105469,58.880001068115234,79.16000366210938,84.69999694824219,87.0,81.5999984741211,86.8499984741211,91.79000091552734,105.81999969482422,66.12999725341797,85.51000213623047,82.81999969482422
KDP,,,,,,,,,,,,,,25.200000762939453,16.34000015258789,28.530000686645508,35.33000183105469,39.869998931884766,44.79999923706055,48.86000061035156,71.68000030517578,91.91000366210938,90.66999816894531,97.37000274658203,25.280000686645508,28.889999389648438,32.06999969482422
BMWYY,,,,,,,,,,,,,,,15.289999961853027,15.510000228881836,26.850000381469727,23.75,33.380001068115234,38.38999938964844,35.279998779296875,33.619998931884766,31.469999313354492,34.27000045776367,26.18000030517578,27.68000030517578,29.889999389648438
HYMTF,,,,,,,,,,,,,,,6.400000095367432,17.0,26.0,25.25,33.25,55.95000076293945,56.75,43.150001525878906,41.0,44.400001525878906,25.25,31.5,43.68000030517578
H,,,,,,,,,,,,,,,27.0,29.809999465942383,45.970001220703125,38.599998474121094,38.58000183105469,49.22999954223633,60.5,46.099998474121094,55.95000076293945,73.62999725341797,66.51000213623047,90.08999633789062,74.31999969482422
DG,,,,,,,,,,,,,,,22.0,22.549999237060547,31.0,41.52000045776367,44.40999984741211,60.380001068115234,70.69999694824219,70.93000030517578,74.33999633789062,93.55999755859375,106.48999786376953,156.9499969482422,210.25
BUD,,,,,,,,,,,,,,,38.29999923706055,53.31999969482422,57.630001068115234,61.47999954223633,88.27999877929688,103.66999816894531,112.30000305175781,122.58000183105469,104.77999877929688,111.97000122070312,65.1500015258789,82.76000213623047,71.77999877929688
NSRGF,,,,,,,,,,,,,,,32.54999923706055,49.0,59.0,57.95000076293945,66.0999984741211,72.6500015258789,72.94000244140625,73.27999877929688,70.54000091552734,86.41999816894531,80.0999984741211,108.5,118.44000244140625
GM,,,,,,,,,,,,,,,,35.0,37.31999969482422,20.829999923706055,29.40999984741211,40.68000030517578,35.27000045776367,33.45000076293945,34.97999954223633,41.2400016784668,32.849998474121094,37.0,41.95000076293945
MZDAY,,,,,,,,,,,,,,,,6.412499904632568,7.349999904632568,4.635000228881836,5.179999828338623,12.949999809265137,12.100000381469727,10.100000381469727,8.15999984741211,6.639999866485596,5.099999904632568,4.289999961853027,3.319999933242798
CHTR,,,,,,,,,,,,,,,,35.0,39.08000183105469,57.52000045776367,77.5,137.14999389648438,167.22999572753906,180.55999755859375,290.239990234375,338.42999267578125,279.8900146484375,487.4100036621094,666.5900268554688
LPLA,,,,,,,,,,,,,,,,33.04999923706055,36.25,30.770000457763672,28.280000686645508,47.0,44.84000015258789,41.79999923706055,35.779998779296875,57.22999954223633,59.810001373291016,92.63999938964844,104.4800033569336
PRI,,,,,,,,,,,,,,,,19.149999618530273,24.3799991607666,23.6200008392334,30.56999969482422,42.849998474121094,54.54999923706055,46.119998931884766,70.0999984741211,101.5999984741211,95.63999938964844,130.88999938964844,134.9199981689453
SAVE,,,,,,,,,,,,,,,,,11.350000381469727,15.699999809265137,18.0,45.36000061035156,76.55999755859375,38.91999816894531,57.150001525878906,44.70000076293945,57.16999816894531,40.70000076293945,24.75
GRPN,,,,,,,,,,,,,,,,,560.0,419.0,100.4000015258789,236.39999389648438,166.8000030517578,60.599998474121094,68.80000305175781,103.0,63.0,48.400001525878906,37.7400016784668
TRIP,,,,,,,,,,,,,,,,,27.5,26.149999618530273,42.939998626708984,82.4800033569336,75.56999969482422,83.63999938964844,46.75,34.61000061035156,52.959999084472656,30.65999984741211,29.209999084472656
HCA,,,,,,,,,,,,,,,,,31.200000762939453,22.0,30.649999618530273,47.38999938964844,73.94000244140625,65.69000244140625,74.36000061035156,88.0,122.91000366210938,148.16000366210938,163.3699951171875
BLMN,,,,,,,,,,,,,,,,,,11.600000381469727,16.0,23.8700008392334,24.799999237060547,16.610000610351562,18.190000534057617,21.469999313354492,17.65999984741211,22.18000030517578,19.43000030517578
KIMTF,,,,,,,,,,,,,,,,,,,55.75,55.75,55.75,55.75,35.0,30.299999237060547,30.299999237060547,30.299999237060547,30.299999237060547
BURL,,,,,,,,,,,,,,,,,,,23.049999237060547,32.0,47.380001068115234,41.84000015258789,85.16999816894531,123.30999755859375,160.24000549316406,228.77999877929688,262.25
HLT,,,,,,,,,,,,,,,,,,,43.70759963989258,45.65700149536133,53.76240158081055,43.50239944458008,56.573638916015625,80.27999877929688,70.69000244140625,111.1500015258789,110.97000122070312
LQ,,,,,,,,,,,,,,,,,,,,16.75,22.110000610351562,13.390000343322754,14.34000015258789,18.520000457763672,,,
W,,,,,,,,,,,,,,,,,,,,36.0,19.989999771118164,45.5,34.88999938964844,80.05000305175781,88.33999633789062,91.62999725341797,226.05999755859375
CFG,,,,,,,,,,,,,,,,,,,,21.5,24.969999313354492,25.709999084472656,36.439998626708984,42.349998474121094,29.43000030517578,40.720001220703125,36.02000045776367
GCI,,,,,,,,,,,,,,,,,,,,10.600000381469727,23.670000076293945,19.059999465942383,16.049999237060547,16.799999237060547,11.430000305175781,6.400000095367432,3.359999895095825
ETSY,,,,,,,,,,,,,,,,,,,,,31.0,8.180000305175781,11.970000267028809,20.5,46.22999954223633,44.709999084472656,179.52000427246094
BW,,,,,,,,,,,,,,,,,,,,,220.5,205.60000610351562,167.89999389648438,57.0,4.099999904632568,3.6700000762939453,3.5799999237060547
HOT,,,,,,,,,,,,,,,,,,,,,81.5,68.1500015258789,77.05000305175781,,,,
KHC,,,,,,,,,,,,,,,,,,,,,71.0,71.37999725341797,87.8499984741211,78.22000122070312,42.75,32.290000915527344,34.59000015258789
DELL,,,,,,,,,,,,,,,,,,,,,,12.20799732208252,15.457850456237793,22.880874633789062,24.44500732421875,26.386213302612305,37.450584411621094
ATUS,,,,,,,,,,,,,,,,,,,,,,,31.600000381469727,21.260000228881836,16.209999084472656,27.59000015258789,37.95000076293945
SNAP,,,,,,,,,,,,,,,,,,,,,,,24.0,14.6899995803833,5.380000114440918,16.6200008392334,50.439998626708984
WH,,,,,,,,,,,,,,,,,,,,,,,,65.0,44.81999969482422,62.540000915527344,59.41999816894531
AMTD,,,,,,,,,,,,,,,,,,,,,,,,,17.81999969482422,17.5,13.180000305175781
FOX,,,,,,,,,,,,,,,,,,,,,,,,,38.599998474121094,36.5,29.010000228881836
PINS,,,,,,,,,,,,,,,,,,,,,,,,,23.75,18.799999237060547,66.0
LEVI,,,,,,,,,,,,,,,,,,,,,,,,,22.219999313354492,19.329999923706055,20.149999618530273
ACI,,,,,,,,,,,,,,,,,,,,,,,,,,15.5,17.600000381469727
ULCC,,,,,,,,,,,,,,,,,,,,,,,,,,,18.649999618530273
S,,,,,,,,,,,,,,,,,,,,,,,,,,,46.0
RAM,,,,,,,,,,,,,,,,,,,,,,,,,,,9.75
WOOF,,,,,,,,,,,,,,,,,,,,,,,,,,,26.0
